SP0,FL0,FL1,FL2,FL3,FL4,FL5,FL6,FL7,FL8,FL9,FL10,FL11,FL12,FL13,FL14,FL15,FL16,FL17,FL18,FL19,DP0,DP1,DP2,DP3,DP4,DP5,DP6,DP7,DP8,DP9,DP10,DP11,DP12,DP13,DP14,DP15,DP16,DP17,DP18,DP19,DP20,DP21,DP22,DP23,DP24,DP25,DP26,DP27,DP28,DP29,DP30,DP31,DP32,DP33,DP34
0.0,35376.9,1819.2,55525.4,1192.3,43771.0,70147.2,35786.5,44608.4,19419.2,31114.9,32860.7,11657.3,26533.1,10231.7,1017.5,13282.4,942.6,1335.5,37669.7,52329.1,1247.0,15919.5,1127.5,32295.0,13203.7,32073.9,11695.8,20689.0,45975.3,19154.9,47648.4,9669.5,785.0,26888.9,28726.0,35707.8,20795.2,39820.8,29777.8,2651.9,43014.1,1689.5,33117.6,26626.1,23152.7,44892.8,2663.8,19728.7,23955.7,21838.2,38261.8,15097.3,40719.4,1180.0,64582.4
34916.7,0.0,35665.5,74575.0,34453.6,8529.0,89196.8,54836.1,63658.0,43107.7,4571.1,3020.2,30427.7,11019.0,26557.7,34089.7,36970.9,34788.9,34326.0,56719.3,71378.7,34484.2,39608.0,34238.4,8556.4,25281.1,7926.1,30464.5,18156.9,65024.9,38204.5,66698.0,25520.8,34759.3,15807.7,6774.6,54757.4,39844.8,58870.4,5630.0,36498.2,62063.7,34265.1,52167.2,10973.1,12750.7,63942.4,36510.1,26535.3,16324.0,40887.8,57311.4,29271.5,59769.0,35026.3,83632.0
1814.1,36112.1,0.0,56260.6,1927.5,44506.2,70882.4,36521.7,45343.6,20154.4,31850.1,33595.9,12392.5,27268.3,10966.9,1752.7,14017.6,1037.3,2070.7,38404.9,53064.3,1982.2,16654.7,1862.7,33030.2,13938.9,32809.1,12431.0,21424.2,46710.5,19890.1,48383.6,10404.7,1238.7,27624.1,29461.2,36443.0,21530.4,40556.0,30513.0,832.7,43749.3,2424.7,33852.8,27361.3,23887.9,45628.0,844.6,20463.9,24690.9,22573.4,38997.0,13300.6,41454.6,888.6,65317.6
54386.8,75086.9,55135.6,0.0,53923.7,83481.0,53250.7,42746.2,31238.4,44116.3,70824.9,72570.7,44171.4,66243.1,50377.6,53559.8,50529.4,54259.0,53796.1,47280.4,5848.8,53954.3,47755.0,53708.5,72005.0,52913.7,71783.9,44364.1,60399.0,32605.3,36364.4,34278.4,49379.5,54229.4,66598.9,68436.0,22376.7,38643.8,26450.8,69487.8,55968.3,29644.1,53735.2,27802.5,66336.1,62862.7,10693.7,55980.2,59438.7,63665.7,39325.2,24891.8,68413.7,23412.1,54496.4,18985.6
1186.3,34924.0,1935.1,55072.5,0.0,43318.1,69694.3,35333.6,44155.5,18966.3,30662.0,32407.8,11204.4,26080.2,9778.8,828.7,12829.5,1058.5,289.1,37216.8,51876.2,319.4,15466.6,783.2,31842.1,12750.8,31621.0,11242.9,20236.1,45522.4,18702.0,47195.5,9216.6,1028.9,26436.0,28273.1,35254.9,20342.3,39367.9,29324.9,2767.8,42561.2,1344.9,32664.7,26173.2,22699.8,44439.9,2779.7,19275.8,23502.8,21385.3,37808.9,15213.2,40266.5,1295.9,64129.5
43304.5,8536.1,44053.3,82962.8,42841.4,0.0,97584.6,63223.9,72045.8,51495.5,12958.9,11408.0,38815.5,19406.8,34945.5,42477.5,45358.7,43176.7,42713.8,65107.1,79766.5,42872.0,47995.8,42626.2,16944.2,33668.9,16313.9,38852.3,26544.7,73412.7,46592.3,75085.8,33908.6,43147.1,24195.5,15162.4,63145.2,48232.6,67258.2,14017.8,44886.0,70451.5,42652.9,60555.0,19360.9,21138.5,72330.2,44897.9,34923.1,24711.8,49275.6,65699.2,37659.3,68156.8,43414.1,92019.8
69007.9,89708.0,69756.7,56766.9,68544.8,98102.1,0.0,57367.3,25563.3,58737.4,85446.0,87191.8,58792.5,80864.2,64998.7,68180.9,65150.5,68880.1,68417.2,61901.5,53570.6,68575.4,62376.1,68329.6,86626.1,67534.8,86405.0,58985.2,75020.1,27352.6,50985.5,28603.3,64000.6,68850.5,81220.0,83057.1,36997.8,53264.9,36964.7,84108.9,70589.4,33030.5,68356.3,44028.2,80957.2,77483.8,46134.3,70601.3,74059.8,78286.8,53946.3,35501.1,83034.8,51630.0,69117.5,39071.7
34661.6,55361.7,35410.4,47928.9,34198.5,63755.8,62550.7,0.0,37011.9,23008.2,51099.7,52845.5,24446.2,46517.9,30652.4,33834.6,30804.2,34533.8,34070.9,6291.2,44732.6,34229.1,26646.9,33983.3,52279.8,33188.5,52058.7,24638.9,40673.8,38378.8,16639.2,40051.9,29654.3,34504.2,46873.7,48710.8,28111.3,18918.6,32224.3,49762.6,36243.1,35417.6,34010.0,18777.6,46610.9,43137.5,37296.3,36255.0,39713.5,43940.5,18055.4,30665.3,48688.5,26348.1,34771.2,56985.9
43483.1,64183.2,44231.9,31242.1,43020.0,72577.3,25567.6,31842.5,0.0,33212.6,59921.2,61667.0,33267.7,55339.4,39473.9,42656.1,39625.7,43355.3,42892.4,36376.7,28045.8,43050.6,36851.3,42804.8,61101.3,42010.0,60880.2,33460.4,49495.3,1789.3,25460.7,3068.8,38475.8,43325.7,55695.2,57532.3,11473.0,27740.1,11439.9,58584.1,45064.6,7505.7,42831.5,18503.4,55432.4,51959.0,20609.5,45076.5,48535.0,52762.0,28421.5,9976.3,57510.0,26105.2,43592.7,40299.1
18366.3,43609.0,19115.1,44128.9,17903.2,52003.1,58750.7,23011.1,33211.9,0.0,39347.0,41092.8,12887.2,34765.2,18899.7,17539.3,13503.3,18238.5,17775.6,24894.3,40932.6,17933.8,5343.2,17688.0,40527.1,21435.8,40306.0,12925.7,28921.1,34578.8,7758.4,36251.9,17901.6,18208.9,35121.0,36958.1,24311.3,9753.3,28424.3,38009.9,19947.8,31617.6,17714.7,21721.1,34858.2,31384.8,33496.3,19959.7,27960.8,32187.8,5623.4,26865.3,32393.2,29322.9,18475.9,53185.9
30635.5,4558.3,31384.3,70293.8,30172.4,12952.4,84915.6,50554.9,59376.8,38826.5,0.0,2042.1,26146.5,6737.8,22276.5,29808.5,32689.7,30507.7,30044.8,52438.1,67097.5,30203.0,35326.8,29957.2,4275.2,20999.9,3644.9,26183.3,13875.7,60743.7,33923.3,62416.8,21239.6,30478.1,11526.5,2493.4,50476.2,35563.6,54589.2,1348.8,32217.0,57782.5,29983.9,47886.0,6691.9,8469.5,59661.2,32228.9,22254.1,12042.8,36606.6,53030.2,24990.3,55487.8,30745.1,79350.8
32389.9,3005.7,33138.7,72048.2,31926.8,11399.8,86670.0,52309.3,61131.2,40580.9,2044.3,0.0,27900.9,8492.2,24030.9,31562.9,34444.1,32262.1,31799.2,54192.5,68851.9,31957.4,37081.2,31711.6,6029.6,22754.3,5399.3,27937.7,15630.1,62498.1,35677.7,64171.2,22994.0,32232.5,13280.9,4247.8,52230.6,37318.0,56343.6,3103.2,33971.4,59536.9,31738.3,49640.4,8446.3,10223.9,61415.6,33983.3,24008.5,13797.2,38361.0,54784.6,26744.7,57242.2,32499.5,81105.2
10554.3,30965.0,11303.1,44200.8,10091.2,39359.1,58822.6,24461.9,33283.8,12833.7,26703.0,28448.8,0.0,22121.2,6255.7,9727.3,6696.9,10426.5,9963.6,26345.1,41004.5,10121.8,9334.0,9876.0,27883.1,8791.8,27662.0,192.7,16277.1,34650.7,7830.3,36323.8,5257.6,10396.9,22477.0,24314.1,24383.2,9470.6,28496.2,25365.9,12135.8,31689.5,9902.7,21793.0,22214.2,18740.8,33568.2,12147.7,15316.8,19543.8,10513.6,26937.2,24581.2,29394.8,10663.9,53257.8
26057.7,11207.2,26806.5,65716.0,25594.6,19601.3,80337.8,45977.1,54799.0,34248.7,6945.2,8691.0,21568.7,0.0,17698.7,25230.7,28111.9,25929.9,25467.0,47860.3,62519.7,25625.2,30749.0,25379.4,8125.3,16422.1,7904.2,21605.5,9297.9,56165.9,29345.5,57839.0,16661.8,25900.3,6948.7,4556.3,45898.4,30985.8,50011.4,5608.1,27639.2,53204.7,25406.1,43308.2,115.8,3891.7,55083.4,27651.1,17676.3,6916.8,32028.8,48452.4,20412.5,50910.0,26167.3,74773.0
10020.7,26803.3,10769.5,50117.7,9557.6,35197.4,64739.5,30378.8,39200.7,18650.4,22541.3,24287.1,5970.4,17959.5,0.0,9193.7,12513.6,9892.9,9430.0,32262.0,46921.4,9588.2,15150.7,9342.4,23721.4,4630.1,23500.3,6007.2,12115.4,40567.6,13747.2,42240.7,1095.9,9863.3,18315.3,20152.4,30300.1,15387.5,34413.1,21204.2,11602.2,37606.4,9369.1,27709.9,18052.5,14579.1,39485.1,11614.1,11155.1,15382.1,16430.5,32854.1,21924.1,35311.7,10130.3,59174.7
1003.0,34543.7,1751.8,54692.2,927.6,42937.8,69314.0,34953.3,43775.2,18586.0,30281.7,32027.5,10824.1,25699.9,9398.5,0.0,12449.2,875.2,649.3,36836.5,51495.9,697.3,15086.3,219.7,31461.8,12370.5,31240.7,10862.6,19855.8,45142.1,18321.7,46815.2,8836.3,845.6,26055.7,27892.8,34874.6,19962.0,38987.6,28944.6,2584.5,42180.9,856.3,32284.4,25792.9,22319.5,44059.6,2596.4,18895.5,23122.5,21005.0,37428.6,15029.9,39886.2,1112.6,63749.2
12206.1,37448.8,12954.9,50595.1,11743.0,45842.9,65216.9,30856.2,39678.1,13485.7,33186.8,34932.6,6727.0,28605.0,12739.5,11379.1,0.0,12078.3,11615.4,32739.4,47398.8,11773.6,9986.0,11527.8,34366.9,15275.6,34145.8,6765.5,22760.9,41045.0,14224.6,42718.1,11741.4,12048.7,28960.8,30797.9,30777.5,15864.9,34890.5,31849.7,13787.6,38083.8,11554.5,28187.3,28698.0,25224.6,39962.5,13799.5,21800.6,26027.6,16907.9,33331.5,26233.0,35789.1,12315.7,59652.1
983.2,35281.2,1032.2,55429.7,1096.6,43675.3,70051.5,35690.8,44512.7,19323.5,31019.2,32765.0,11561.6,26437.4,10136.0,921.8,13186.7,0.0,1239.8,37574.0,52233.4,1151.3,15823.8,1031.8,32199.3,13108.0,31978.2,11600.1,20593.3,45879.6,19059.2,47552.7,9573.8,407.8,26793.2,28630.3,35612.1,20699.5,39725.1,29682.1,1864.9,42918.4,1593.8,33021.9,26530.4,23057.0,44797.1,1876.8,19633.0,23860.0,21742.5,38166.1,14310.3,40623.7,393.0,64486.7
1280.6,34784.0,2029.4,54932.5,289.1,43178.1,69554.3,35193.6,44015.5,18826.3,30522.0,32267.8,11064.4,25940.2,9638.8,746.7,12689.5,1152.8,0.0,37076.8,51736.2,206.5,15326.6,701.2,31702.1,12610.8,31481.0,11102.9,20096.1,45382.4,18562.0,47055.5,9076.6,1123.2,26296.0,28133.1,35114.9,20202.3,39227.9,29184.9,2862.1,42421.2,1204.9,32524.7,26033.2,22559.8,44299.9,2874.0,19135.8,23362.8,21245.3,37668.9,15307.5,40126.5,1390.2,63989.5
36531.6,57231.7,37280.4,49798.9,36068.5,65625.8,64420.7,6286.7,38881.9,24878.2,52969.7,54715.5,26316.2,48387.9,32522.4,35704.6,32674.2,36403.8,35940.9,0.0,46602.6,36099.1,28516.9,35853.3,54149.8,35058.5,53928.7,26508.9,42543.8,40248.8,18509.2,41921.9,31524.3,36374.2,48743.7,50580.8,29981.3,20788.6,34094.3,51632.6,38113.1,37287.6,35880.0,24399.2,48480.9,45007.5,39166.3,38125.0,41583.5,45810.5,19925.4,32535.3,50558.5,31969.7,36641.2,58855.9
51186.5,71886.6,51935.3,5844.9,50723.4,80280.7,50050.4,39545.9,28038.1,40916.0,67624.6,69370.4,40971.1,63042.8,47177.3,50359.5,47329.1,51058.7,50595.8,44080.1,0.0,50754.0,44554.7,50508.2,68804.7,49713.4,68583.6,41163.8,57198.7,29405.0,33164.1,31078.1,46179.2,51029.1,63398.6,65235.7,19176.4,35443.5,23250.5,66287.5,52768.0,26443.8,50534.9,24602.2,63135.8,59662.4,7493.4,52779.9,56238.4,60465.4,36124.9,21691.5,65213.4,20211.8,51296.1,15785.3
1093.8,34907.3,1842.6,55055.8,464.1,43301.4,69677.6,35316.9,44138.8,18949.6,30645.3,32391.1,11187.7,26063.5,9762.1,559.9,12812.8,966.0,285.8,37200.1,51859.5,0.0,15449.9,514.4,31825.4,12734.1,31604.3,11226.2,20219.4,45505.7,18685.3,47178.8,9199.9,936.4,26419.3,28256.4,35238.2,20325.6,39351.2,29308.2,2675.3,42544.5,1219.9,32648.0,26156.5,22683.1,44423.2,2687.2,19259.1,23486.1,21368.6,37792.2,15120.7,40249.8,1203.4,64112.8
14849.4,40092.1,15598.2,47751.1,14386.3,48486.2,62372.9,26633.3,36834.1,5331.7,35830.1,37575.9,9370.3,31248.3,15382.8,14022.4,9986.4,14721.6,14258.7,28516.5,44554.8,14416.9,0.0,14171.1,37010.2,17918.9,36789.1,9408.8,25404.2,38201.0,11380.6,39874.1,14384.7,14692.0,31604.1,33441.2,27933.5,13375.5,32046.5,34493.0,16430.9,35239.8,14197.8,25343.3,31341.3,27867.9,37118.5,16442.8,24443.9,28670.9,9245.6,30487.5,28876.3,32945.1,14959.0,56808.1
1090.9,34697.6,1839.7,54846.1,881.4,43091.7,69467.9,35107.2,43929.1,18739.9,30435.6,32181.4,10978.0,25853.8,9552.4,280.8,12603.1,963.1,603.1,36990.4,51649.8,651.1,15240.2,0.0,31615.7,12524.4,31394.6,11016.5,20009.7,45296.0,18475.6,46969.1,8990.2,933.5,26209.6,28046.7,35028.5,20115.9,39141.5,29098.5,2672.4,42334.8,1010.2,32438.3,25946.8,22473.4,44213.5,2684.3,19049.4,23276.4,21158.9,37582.5,15117.8,40040.1,1200.5,63903.1
31818.2,8548.4,32567.0,71476.5,31355.1,16942.5,86098.3,51737.6,60559.5,40009.2,4286.4,6032.2,27329.2,7920.5,23459.2,30991.2,33872.4,31690.4,31227.5,53620.8,68280.2,31385.7,36509.5,31139.9,0.0,22182.6,5245.4,27366.0,14878.3,61926.4,35106.0,63599.5,22422.3,31660.8,12709.2,3635.9,51658.9,36746.3,55771.9,2949.3,33399.7,58965.2,31166.6,49068.7,7874.6,9652.2,60843.9,33411.6,23436.8,11719.2,37789.3,54212.9,26173.0,56670.5,31927.8,80533.5
12990.7,25528.7,13739.5,52649.0,12527.6,33922.8,67270.8,32910.1,41732.0,21181.7,21266.7,23012.5,8501.7,16684.9,4631.7,12163.7,15044.9,12862.9,12400.0,34793.3,49452.7,12558.2,17682.0,12312.4,22446.8,0.0,22225.7,8538.5,10840.8,43098.9,16278.5,44772.0,3594.8,12833.3,17040.7,18877.8,32831.4,17918.8,36944.4,19929.6,14572.2,40137.7,12339.1,30241.2,16777.9,13304.5,42016.4,14584.1,7979.5,14107.5,18961.8,35385.4,20649.5,37843.0,13100.3,61706.0
31605.2,7910.7,32354.0,71263.5,31142.1,16304.8,85885.3,51524.6,60346.5,39796.2,3648.7,5394.5,27116.2,7707.5,23246.2,30778.2,33659.4,31477.4,31014.5,53407.8,68067.2,31172.7,36296.5,30926.9,5244.9,21969.6,0.0,27153.0,14845.4,61713.4,34893.0,63386.5,22209.3,31447.8,11178.3,3463.1,51445.9,36533.3,55558.9,2296.3,33186.7,58752.2,30953.6,48855.7,7661.6,9439.2,60630.9,33198.6,23223.8,13012.5,37576.3,53999.9,25960.0,56457.5,31714.8,80320.5
10623.4,30943.1,11372.2,44390.2,10160.3,39337.2,59012.0,24651.3,33473.2,12902.8,26681.1,28426.9,189.4,22099.3,6233.8,9796.4,6766.0,10495.6,10032.7,26534.5,41193.9,10190.9,9403.1,9945.1,27861.2,8769.9,27640.1,0.0,16255.2,34840.1,8019.7,36513.2,5235.7,10466.0,22455.1,24292.2,24572.6,9660.0,28685.6,25344.0,12204.9,31878.9,9971.8,21982.4,22192.3,18718.9,33757.6,12216.8,15294.9,19521.9,10703.0,27126.6,24650.3,29584.2,10733.0,53447.2
20218.1,18159.7,20966.9,59876.4,19755.0,26553.8,74498.2,40137.5,48959.4,28409.1,13897.7,15643.5,15729.1,9315.9,11859.1,19391.1,22272.3,20090.3,19627.4,42020.7,56680.1,19785.6,24909.4,19539.8,15077.8,10582.5,14856.7,15765.9,0.0,50326.3,23505.9,51999.4,10822.2,20060.7,9671.7,11508.8,40058.8,25146.2,44171.8,12560.6,21799.6,47365.1,19566.5,37468.6,9408.9,5935.5,49243.8,21811.5,10585.5,5056.5,26189.2,42612.8,14572.9,45070.4,20327.7,68933.4
44845.7,65545.8,45594.5,32604.7,44382.6,73939.9,27357.1,33205.1,1789.5,34575.2,61283.8,63029.6,34630.3,56702.0,40836.5,44018.7,40988.3,44717.9,44255.0,37739.3,29408.4,44413.2,38213.9,44167.4,62463.9,43372.6,62242.8,34823.0,50857.9,0.0,26823.3,4858.3,39838.4,44688.3,57057.8,58894.9,12835.6,29102.7,12802.5,59946.7,46427.2,8868.3,44194.1,19866.0,56795.0,53321.6,21972.1,46439.1,49897.6,54124.6,29784.1,11338.9,58872.6,27467.8,44955.3,41661.7
18022.4,38722.5,18771.2,36370.5,17559.3,47116.6,50992.3,16631.6,25453.5,7751.9,34460.5,36206.3,7807.0,29878.7,14013.2,17195.4,14165.0,17894.6,17431.7,18514.8,33174.2,17589.9,11390.6,17344.1,35640.6,16549.3,35419.5,7999.7,24034.6,26820.4,0.0,28493.5,13015.1,17865.0,30234.5,32071.6,16552.9,2279.4,20665.9,33123.4,19603.9,23859.2,17370.8,13962.7,29971.7,26498.3,25737.9,19615.8,23074.3,27301.3,2960.8,19106.9,32049.3,21564.5,18132.0,45427.5
46514.6,67214.7,47263.4,34273.6,46051.5,75608.8,28317.7,34874.0,3070.0,36244.1,62952.7,64698.5,36299.2,58370.9,42505.4,45687.6,42657.2,46386.8,45923.9,39408.2,31077.3,46082.1,39882.8,45836.3,64132.8,45041.5,63911.7,36491.9,52526.8,4859.3,28492.2,0.0,41507.3,46357.2,58726.7,60563.8,14504.5,30771.6,14471.4,61615.6,48096.1,10537.2,45863.0,21534.9,58463.9,54990.5,23641.0,48108.0,51566.5,55793.5,31453.0,13007.8,60541.5,29136.7,46624.2,43330.6
9459.4,25764.3,10208.2,49117.7,8996.3,34158.4,63739.5,29378.8,38200.7,17650.4,21502.3,23248.1,4970.4,16920.5,1100.4,8632.4,11513.6,9331.6,8868.7,31262.0,45921.4,9026.9,14150.7,8781.1,22682.4,3591.1,22461.3,5007.2,11076.4,39567.6,12747.2,41240.7,0.0,9302.0,17276.3,19113.4,29300.1,14387.5,33413.1,20165.2,11040.9,36606.4,8807.8,26709.9,17013.5,13540.1,38485.1,11052.8,10116.1,14343.1,15430.5,31854.1,20885.1,34311.7,9569.0,58174.7
781.7,35213.9,1232.4,55362.4,1029.3,43608.0,69984.2,35623.5,44445.4,19256.2,30951.9,32697.7,11494.3,26370.1,10068.7,854.5,13119.4,355.8,1172.5,37506.7,52166.1,1084.0,15756.5,964.5,32132.0,13040.7,31910.9,11532.8,20526.0,45812.3,18991.9,47485.4,9506.5,0.0,26725.9,28563.0,35544.8,20632.2,39657.8,29614.8,2065.1,42851.1,1526.5,32954.6,26463.1,22989.7,44729.8,2077.0,19565.7,23792.7,21675.2,38098.8,14510.5,40556.4,593.2,64419.4
26418.0,15796.0,27166.8,66076.3,25954.9,24190.1,80698.1,46337.4,55159.3,34609.0,11534.0,13279.8,21929.0,6952.2,18059.0,25591.0,28472.2,26290.2,25827.3,48220.6,62880.0,25985.5,31109.3,25739.7,12714.1,16782.4,11168.8,21965.8,9658.2,56526.2,29705.8,58199.3,17022.1,26260.6,0.0,9145.1,46258.7,31346.1,50371.7,10196.9,27999.5,53565.0,25766.4,43668.5,7045.2,4252.0,55443.7,28011.4,18036.6,7825.3,32389.1,48812.7,20772.8,51270.3,26527.6,75133.3
28250.0,6765.4,28998.8,67908.3,27786.9,15159.5,82530.1,48169.4,56991.3,36441.0,2503.4,4249.2,23761.0,4352.3,19891.0,27423.0,30304.2,28122.2,27659.3,50052.6,64712.0,27817.5,32941.3,27571.7,3638.0,18614.4,3462.4,23797.8,11490.2,58358.2,31537.8,60031.3,18854.1,28092.6,9141.0,0.0,48090.7,33178.1,52203.7,1166.3,29831.5,55397.0,27598.4,45500.5,4306.4,6084.0,57275.7,29843.4,19868.6,9657.3,34221.1,50644.7,22604.8,53102.3,28359.6,76965.3
34654.3,55354.4,35403.1,22449.3,34191.2,63748.5,37071.1,23013.7,11532.3,24383.8,51092.4,52838.2,24438.9,46510.6,30645.1,33827.3,30796.9,34526.5,34063.6,27547.9,19253.0,34221.8,28022.5,33976.0,52272.5,33181.2,52051.4,24631.6,40666.5,12899.2,16631.9,14572.3,29647.0,34496.9,46866.4,48703.5,0.0,18911.3,5961.2,49755.3,36235.8,9938.0,34002.7,9674.6,46603.6,43130.2,11816.7,36247.7,39706.2,43933.2,19592.7,5185.7,48681.2,17276.4,34763.9,31506.3
19369.9,40070.0,20118.7,38183.2,18906.8,48464.1,52805.0,18444.3,27266.2,9287.1,35808.0,37553.8,9154.5,31226.2,15360.7,18542.9,15512.5,19242.1,18779.2,20327.5,34986.9,18937.4,12925.8,18691.6,36988.1,17896.8,36767.0,9347.2,25382.1,28633.1,1812.7,30306.2,14362.6,19212.5,31582.0,33419.1,18365.6,0.0,22478.6,34470.9,20951.4,25671.9,18718.3,15775.4,31319.2,27845.8,27550.6,20963.3,24421.8,28648.8,4496.0,20919.6,33396.8,23377.2,19479.5,47240.2
38914.7,59614.8,39663.5,26673.7,38451.6,68008.9,36276.1,27274.1,10737.3,28644.2,55352.8,57098.6,28699.3,50771.0,34905.5,38087.7,35057.3,38786.9,38324.0,31808.3,23477.4,38482.2,32282.9,38236.4,56532.9,37441.6,56311.8,28892.0,44926.9,12104.2,20892.3,13777.3,33907.4,38757.3,51126.8,52963.9,6297.9,23171.7,0.0,54015.7,40496.2,7725.6,38263.1,13935.0,50864.0,47390.6,16041.1,40508.1,43966.6,48193.6,23853.1,5889.5,52941.6,21536.8,39024.3,35730.7
29308.9,5614.4,30057.7,68967.2,28845.8,14008.5,83589.0,49228.3,58050.2,37499.9,1352.4,3098.2,24819.9,5411.2,20949.9,28481.9,31363.1,29181.1,28718.2,51111.5,65770.9,28876.4,34000.2,28630.6,2948.6,19673.3,2296.1,24856.7,12549.1,59417.1,32596.7,61090.2,19913.0,29151.5,10199.9,1166.8,49149.6,34237.0,53262.6,0.0,30890.4,56455.9,28657.3,46559.4,5365.3,7142.9,58334.6,30902.3,20927.5,10716.2,35280.0,51703.6,23663.7,54161.2,29418.5,78024.2
2648.2,36796.4,834.1,57094.7,2761.6,45190.5,71716.5,37355.8,46177.7,20988.5,32534.4,34280.2,13226.6,27952.6,11801.0,2586.8,14851.7,1871.4,2904.8,39239.0,53898.4,2816.3,17488.8,2696.8,33714.5,14773.0,33493.4,13265.1,22108.5,47544.6,20724.2,49217.7,11238.8,2072.8,28308.4,30145.5,37277.1,22364.5,41390.1,31197.3,0.0,44583.4,3258.8,34686.9,28045.6,24572.2,46462.1,254.3,21298.0,25375.2,23407.5,39831.1,13558.4,42288.7,1722.7,66151.7
41889.2,62589.3,42638.0,29648.2,41426.1,70983.4,33038.5,30248.6,7499.7,31618.7,58327.3,60073.1,31673.8,53745.5,37880.0,41062.2,38031.8,41761.4,41298.5,34782.8,26451.9,41456.7,35257.4,41210.9,59507.4,40416.1,59286.3,31866.5,47901.4,8866.6,23866.8,10539.7,36881.9,41731.8,54101.3,55938.4,9879.1,26146.2,8420.6,56990.2,43470.7,0.0,41237.6,16909.5,53838.5,50365.1,19015.6,43482.6,46941.1,51168.1,26827.6,8382.4,55916.1,24511.3,41998.8,38705.2
1686.0,34782.1,2434.8,54930.6,1474.0,43176.2,69552.4,35191.7,44013.6,18824.4,30520.1,32265.9,11062.5,25938.3,9636.9,859.0,12687.6,1558.2,1208.8,37074.9,51734.3,1295.9,15324.7,1007.7,31700.2,12608.9,31479.1,11101.0,20094.2,45380.5,18560.1,47053.6,9074.7,1528.6,26294.1,28131.2,35113.0,20200.4,39226.0,29183.0,3267.5,42419.3,0.0,32522.8,26031.3,22557.9,44298.0,3279.4,19133.9,23360.9,21243.4,37667.0,15712.9,40124.6,1795.6,63987.6
31948.9,52649.0,32697.7,27809.7,31485.8,61043.1,44000.4,16694.5,18461.6,21678.4,48387.0,50132.8,21733.5,43805.2,27939.7,31121.9,28091.5,31821.1,31358.2,21228.7,24613.4,31516.4,25317.1,31270.6,49567.1,30475.8,49346.0,21926.2,37961.1,19828.5,13926.5,21501.6,26941.6,31791.5,44161.0,45998.1,9561.0,16205.9,13674.0,47049.9,33530.4,16867.3,31297.3,0.0,43898.2,40424.8,17177.1,33542.3,37000.8,41227.8,16887.3,12115.0,45975.8,7670.5,32058.5,36866.7
26147.9,11155.9,26896.7,65806.2,25684.8,19550.0,80428.0,46067.3,54889.2,34338.9,6893.9,8639.7,21658.9,108.4,17788.9,25320.9,28202.1,26020.1,25557.2,47950.5,62609.9,25715.4,30839.2,25469.6,8074.0,16512.3,7852.9,21695.7,9388.1,56256.1,29435.7,57929.2,16752.0,25990.5,7038.9,4505.0,45988.6,31076.0,50101.6,5556.8,27729.4,53294.9,25496.3,43398.4,0.0,3981.9,55173.6,27741.3,17766.5,7007.0,32119.0,48542.6,20502.7,51000.2,26257.5,74863.2
22676.5,12732.1,23425.3,62334.8,22213.4,21126.2,76956.6,42595.9,51417.8,30867.5,8470.1,10215.9,18187.5,3888.3,14317.5,21849.5,24730.7,22548.7,22085.8,44479.1,59138.5,22244.0,27367.8,21998.2,9650.2,13040.9,9429.1,18224.3,5916.7,52784.7,25964.3,54457.8,13280.6,22519.1,4244.1,6081.2,42517.2,27604.6,46630.2,7133.0,24258.0,49823.5,22024.9,39927.0,3981.3,0.0,51702.2,24269.9,14295.1,4083.8,28647.6,45071.2,17031.3,47528.8,22786.1,71391.8
43760.7,64460.8,44509.5,10696.2,43297.6,72854.9,46151.1,32120.1,20612.3,33490.2,60198.8,61944.6,33545.3,55617.0,39751.5,42933.7,39903.3,43632.9,43170.0,36654.3,7499.9,43328.2,37128.9,43082.4,61378.9,42287.6,61157.8,33738.0,49772.9,21979.2,25738.3,23652.3,38753.4,43603.3,55972.8,57809.9,11750.6,28017.7,15824.7,58861.7,45342.2,19018.0,43109.1,17176.4,55710.0,52236.6,0.0,45354.1,48812.6,53039.6,28699.1,14265.7,57787.6,12786.0,43870.3,19753.2
2656.4,36954.4,842.3,57102.9,2769.8,45348.5,71724.7,37364.0,46185.9,20996.7,32692.4,34438.2,13234.8,28110.6,11809.2,2595.0,14859.9,1879.6,2913.0,39247.2,53906.6,2824.5,17497.0,2705.0,33872.5,14781.2,33651.4,13273.3,22266.5,47552.8,20732.4,49225.9,11247.0,2081.0,28466.4,30303.5,37285.3,22372.7,41398.3,31355.3,255.4,44591.6,3267.0,34695.1,28203.6,24730.2,46470.3,0.0,21306.2,25533.2,23415.7,39839.3,13813.8,42296.9,1730.9,66159.9
19506.9,26775.7,20255.7,59165.2,19043.8,35169.8,73787.0,39426.3,48248.2,27697.9,22513.7,24259.5,15017.9,17931.9,11147.9,18679.9,21561.1,19379.1,18916.2,41309.5,55968.9,19074.4,24198.2,18828.6,23693.8,7962.8,23472.7,15054.7,10560.7,49615.1,22794.7,51288.2,10111.0,19349.5,18287.7,20124.8,39347.6,24435.0,43460.6,21176.6,21088.4,46653.9,18855.3,36757.4,18024.9,14551.5,48532.6,21100.3,0.0,13967.0,25478.0,41901.6,21896.5,44359.2,19616.5,68222.2
23455.7,16284.7,24204.5,63114.0,22992.6,24678.8,77735.8,43375.1,52197.0,31646.7,12022.7,13768.5,18966.7,6958.6,15096.7,22628.7,25509.9,23327.9,22865.0,45258.3,59917.7,23023.2,28147.0,22777.4,12051.2,13820.1,12981.7,19003.5,5049.7,53563.9,26743.5,55237.0,14059.8,23298.3,7796.7,9633.8,43296.4,28383.8,47409.4,10685.6,25037.2,50602.7,22804.1,40706.2,7051.6,4060.5,52481.4,25049.1,13974.8,0.0,29426.8,45850.4,17810.5,48308.0,23565.3,72171.0
20707.3,41407.4,21456.1,39339.9,20244.2,49801.5,53961.7,18061.2,28422.9,5624.6,37145.4,38891.2,10491.9,32563.6,16698.1,19880.3,16849.9,20579.5,20116.6,19944.4,36143.6,20274.8,9263.3,20029.0,38325.5,19234.2,38104.4,10684.6,26719.5,29789.8,2969.4,31462.9,15700.0,20549.9,32919.4,34756.5,19522.3,4964.3,23635.3,35808.3,22288.8,26828.6,20055.7,16932.1,32656.6,29183.2,28707.3,22300.7,25759.2,29986.2,0.0,22076.3,34734.2,24533.9,20816.9,48396.9
37130.3,57830.4,37879.1,24889.3,36667.2,66224.5,35500.4,25489.7,9961.6,26859.8,53568.4,55314.2,26914.9,48986.6,33121.1,36303.3,33272.9,37002.5,36539.6,30023.9,21693.0,36697.8,30498.5,36452.0,54748.5,35657.2,54527.4,27107.6,43142.5,11328.5,19107.9,13001.6,32123.0,36972.9,49342.4,51179.5,5120.2,21387.3,5667.6,52231.3,38711.8,8367.3,36478.7,12150.6,49079.6,45606.2,14256.7,38723.7,42182.2,46409.2,22068.7,0.0,51157.2,19752.4,37239.9,33946.3
15084.7,29247.0,13287.1,69531.2,15198.1,37641.1,84153.0,49792.3,58614.2,33425.0,24985.0,26730.8,25527.6,20403.2,21657.6,15023.3,27288.2,14307.9,15341.3,51675.5,66334.9,15252.8,29925.3,15133.3,26165.1,20381.0,25944.0,25564.4,14559.1,59981.1,33160.7,61654.2,20620.7,14509.3,20759.0,22596.1,49713.6,34801.0,53826.6,23647.9,13562.1,57019.9,15695.3,47123.4,20496.2,17022.8,58898.6,13816.4,21635.2,17825.8,35844.0,52267.6,0.0,54725.2,14159.2,78588.2
39586.6,60286.7,40335.4,23414.6,39123.5,68680.8,51638.1,24224.8,26099.3,29316.1,56024.7,57770.5,29371.2,51442.9,35577.4,38759.6,35729.2,39458.8,38995.9,28759.0,20218.3,39154.1,32954.8,38908.3,57204.8,38113.5,56983.7,29563.9,45598.8,27466.2,21564.2,29139.3,34579.3,39429.2,51798.7,53635.8,17198.7,23843.6,21311.7,54687.6,41168.1,24505.0,38935.0,7637.7,51535.9,48062.5,12782.0,41180.0,44638.5,48865.5,24525.0,19752.7,53613.5,0.0,39696.2,32471.6
1179.0,35477.0,889.7,55625.5,1292.4,43871.1,70247.3,35886.6,44708.5,19519.3,31215.0,32960.8,11757.4,26633.2,10331.8,1117.6,13382.5,402.2,1435.6,37769.8,52429.2,1347.1,16019.6,1227.6,32395.1,13303.8,32174.0,11795.9,20789.1,46075.4,19255.0,47748.5,9769.6,603.6,26989.0,28826.1,35807.9,20895.3,39920.9,29877.9,1722.4,43114.2,1789.6,33217.7,26726.2,23252.8,44992.9,1734.3,19828.8,24055.8,21938.3,38361.9,14167.8,40819.5,0.0,64682.5
86964.1,107664.2,87712.9,74723.1,86501.0,116058.3,39062.1,75323.5,43519.5,76693.6,103402.2,105148.0,76748.7,98820.4,82954.9,86137.1,83106.7,86836.3,86373.4,79857.7,71526.8,86531.6,80332.3,86285.8,104582.3,85491.0,104361.2,76941.4,92976.3,45308.8,68941.7,46559.5,81956.8,86806.7,99176.2,101013.3,54954.0,71221.1,54920.9,102065.1,88545.6,50986.7,86312.5,61984.4,98913.4,95440.0,64090.5,88557.5,92016.0,96243.0,71902.5,53457.3,100991.0,69586.2,87073.7,0.0
